ID,Title,Location,Salary,Summary
https://kr.indeed.com/viewjob?jk=84a382f5f404cd1b,2021년 8월 Battery연구소 R&D 경력사원 (시뮬레이션/BMS/Pack),과천 과천시,,"성능 실험 평가 경험 보유자 - 
Python 코딩 가능자 - 머신러닝 알고... 조건별 모델 한계 분석 필요사항 - 코딩 경험 우대사항 - Matlab/
Python 경험자 수행 업무 - 부품 및 제품 구조 설계/개발 (CATIA..."
https://kr.indeed.com/viewjob?jk=49fd1a7248d3ff47,Research Engineer Intern (Machine Learning),서울,,"commit to a minimum of a 6 month internship * Fluency in 
Python and ML libraries like Scikit-learn, PyTorch or Tensorflow..."
https://kr.indeed.com/viewjob?jk=79b0a7b5d7be505d,[아이콘트롤스] 2021년 하반기 경력사원 모집,서울특별시,,"Spring, node.js, 
python 프레임워크를 활용한 서버 개발... 전공 무관 ㆍ총경력 : 4년 이상~8년 이하 ㆍ
Python 개발 경력 4년 이상 - 
Python 서버 (Backend) 개발 경력 4년 이상 - 웹..."
https://kr.indeed.com/viewjob?jk=9acc17c535b42959,2021년 (신입) 전문연구요원 모집,성남 판교역,,"병역특례 전문연구요원 - 
Python/C++/Java/C# 개발 경험... 유연한 사고와 원활한 커뮤니케이션 능력 우대 - C/C++, 
Python 등 개발 숙련자 우대 공통지원자격(필수) - 해당 분야 석사 이상..."
https://kr.indeed.com/viewjob?jk=8a3231333a48b01e,디지털/IT 부문 경력직원,서울 중구,,"통신·모바일·게임>빅데이터·AI(인공지능)>빅데이터|인터넷·IT·통신·모바일·게임>빅데이터·AI(인공지능)>
Python|금융·보험·증권>금융사무·심사·추심>기업금융|인터넷·IT·통신·모바일·게임>데이터베이스·DBA>SQL..."
https://kr.indeed.com/viewjob?jk=c45a5cdf12a26e51,[정보보안] 보안기반 분석 개발 담당 모집,성남 판교역,,"이기종 보안시스템의 운영업무 자동화 개발 지원자격 학력 : 무관 경력기간 : 5년 ~ 10년 필수조건 - 
Python 프로그래밍 언어로 개발이 가능하며, 오픈소스를 활용한 개발이 가능한 분 - 보안솔루션의 동작 원리와 연동..."
https://kr.indeed.com/viewjob?jk=04d3eeee4887e068,2021년 한국능률협회컨설팅 신입/경력 직원 공개,서울 영등포구,,"모바일·게임>빅데이터·AI(인공지능)>데이터분석|인터넷·IT·통신·모바일·게임>빅데이터·AI(인공지능)>
Python|인터넷·IT·통신·모바일·게임>빅데이터·AI(인공지능)>머신러닝|인터넷·IT·통신·모바일·게임>데이터베이스..."
https://kr.indeed.com/viewjob?jk=4c3ba5f4766e22be,Software Engineer - Front-End,서울,,"data analytics software and data engineering utilities (
Python back-end) * Develop and optimize data exchange interface..."
https://kr.indeed.com/viewjob?jk=7ed3ebb9f45fc908,고객 데이터분석 포지션,서울,,"7년 - Data기반 분석 Insight 도출 경험자 - 데이터 분석 지식 및 분석 Tool((SQL, R, 
Python 등) 사용가능자 - 고객 Segmentation 및 타겟마케팅 실행 경력 - Data Warehouse..."
https://kr.indeed.com/viewjob?jk=eaa890cad55f48fc,2021년 8월 Battery연구소 R&D 경력사원 (Cell),대전 유성구,,"최적 설계 경험자 - 실험 자동화 설계/ 운영 경험자 우대사항 - 유기 소재 분석/설계 경험자 - 코딩(
python) 경력 보유자 - Labview 등 실험 운영 시스템 경험자 1) 경력기간 만 36개월 이상 (지원서 작성..."
https://kr.indeed.com/viewjob?jk=d307d0e3b2cfe5e7,데이터 플랫폼 개발 및 데이터 분석 경력사원,서울특별시,,"혹은 유사 전공 학사 이상 어학: 영어 문서작성 가능 / 기본적 영어 의사소통 필요 업무경험 - JAVA, 
Python 등 서버 플랫폼 개발 언어 및 관련 프레임워크 활용 개발 경험 3년 이상 - 대용량 데이터에 대한 실시간..."
https://kr.indeed.com/viewjob?jk=48e0fca1978d9887,[진행중] 우리은행 마이데이터ACT 전문직(데이터사이언티스트-분석) 채용공고,서울 회현동,,"이터 분석 업무 경력 5년 이상 보유자(관련 서비스 기획, 운영 경력 합산) - 데이터 분석 관련 언어(
Python, R 등) 사용 능력 및 분석 결과의 실제 서비스 적용 경험 보유자 - 적극적이고 원만한 커뮤니케이션..."
https://kr.indeed.com/viewjob?jk=dfb20fa220f3c478,"빅데이터, 인공지능(AI) 외 신입/경력 인턴",대한민국,,"인공지능)>인공지능(AI)|인터넷·IT·통신·모바일·게임>빅데이터·AI(인공지능)>데이터분석|인터넷·IT·통신·모바일·게임>빅데이터·AI(인공지능)>
Python|인터넷·IT·통신·모바일·게임>빅데이터·AI(인공지능)>딥러닝"
https://kr.indeed.com/viewjob?jk=22fd5b99c266e7b9,Operations Associate - Remote - Crypto/Fintech,서울•원격 근무,,"Strong numeracy skills * Good working knowledge of Excel * 
Python and SQL knowledge a nice to have * Experience working..."
https://kr.indeed.com/viewjob?jk=4a4ed4c77829f1bb,[TmaxAI/R&D] NLP(자연어음성) 부문 개발 신입 및 경력,성남 분당구,,"Spring / MySQL, Oracle, Tibero 등의 DB 개발 경험) - 음성/자연어처리 AI (
python) 우대사항 [프론트] - UX 기획 및 개발 유경험자 - react 개발 유경험자 - Git 및 형상관리..."
https://kr.indeed.com/viewjob?jk=c6f5313c0bb3bc73,시스템 엔지니어,전라남도,,"엔지니어 모집부문 및 자격요건 담당업무 자격요건 근무지 [담당업무]공장제어 시스템 운영 및 개발 C#, 
Python, or Java 중 1개 이상 활용 가능자 [자격요건]경력사항: 신입, 경력(5년 이상 )학력사항: 대학교..."
https://kr.indeed.com/viewjob?jk=9ae82a36c58de685,[LNG발전소] 데이터분석 전문가,충청남도,,"모바일·게임>빅데이터·AI(인공지능)>인공지능(AI)|인터넷·IT·통신·모바일·게임>빅데이터·AI(인공지능)>
Python|인터넷·IT·통신·모바일·게임>빅데이터·AI(인공지능)>머신러닝|인터넷·IT·통신·모바일·게임>빅데이터..."
https://kr.indeed.com/viewjob?jk=578e3e5a5bd7b10d,2021년 하반기 Python/백엔드/프론트엔드/PHP,경상남도 통영,"연봉 21,870,000원 - 25,000,000원","블루오션영어조합법인 2021년 하반기 
Python/백엔드/프론트엔드/PHP外 모집합니다 모집부문 및 자격요건 담당업무 자격요건 인원 [담당업무]ㆍ스마... 웹프로그래머>백엔드|인터넷·IT·통신·모바일·게임>웹프로그래머>
Python"
https://kr.indeed.com/viewjob?jk=f73461f8378f345c,STT TTS NLP Chatbot Machine Learning Deep Learning Researche...,서울,,"PyTorch, Caffe 등 Machine Learning Framework 활용 능력 - 
Python, C/C++, Java 등 프로그래밍 언어 경험 • 우대사항 - 관련 분야 박사 학위 - Machine..."
https://kr.indeed.com/viewjob?jk=052c7a57fd9e38bc,"Software Engineer - Algorithm, C++",서울,,"industry * Strong experience programming in C++ and 
Python with robust and efficient code * Knowledge and implementation..."
https://kr.indeed.com/viewjob?jk=0f7993638aee82bd,Deep Learning Researcher (Intern),서울,,"Adversarial attacks, examples Minimum Qualifications • 
Python Programming • Deep learning with hands-on experience of deep..."
https://kr.indeed.com/viewjob?jk=101c4b6fcfc2c49b,데이터 분석 인턴(체험형),서울,,"통계, 컴퓨터공학 등 관련 전공 석사 이상 재학중인 분 - 데이터 분석 관련 인턴 업무를 경험해보신 분 - 
Python/R 등을 이용한 데이터 분석 업무가 가능하신 분 - 데이터를 통해 비즈니스/일상의 문제를 분석하고 실제로..."
https://kr.indeed.com/viewjob?jk=51fb0c85afdfeb70,메이저 대기업 계열사 Data Engineer포지션,서울 방배동,"연봉 60,000,000원 - 100,000,000원","이터 엔지니어링에 대한 이해가 있는 분 • AWS 환경에서 데이터 플랫폼 개발 경험이 있는 분 • SQL, 
Python 개발 가능하신 분 • 원활한 커뮤니케이션 능력을 보유하신 분 우대사항 • GCP 환경에서 데이터 플랫폼..."
https://kr.indeed.com/viewjob?jk=3a3c861685815f32,[TmaxAI/R&D] AI 로보어드바이저 개발자,성남 분당구,,"기졸업자 또는 22년 2월 졸업 예정자 -금융공학을 포함한 금융 관련 분야 전공자 혹은 유관 능력 보유자 -
Python, numpy, pandas 사용 경험 우대사항 -컴퓨터 및 전산관련 전공 -금융권 경력 3년 이상이거나..."
https://kr.indeed.com/viewjob?jk=78e99625e5de3c95,전문연구요원 (병역특례) 수시 (AI / HW 분야),성남 분당구,"연봉 40,000,000원 - 100,000,000원","모델의 RTL IP 설계 및 IP 검증 가능자 - Language: 
Python/Perl, C/C++ [우대 조건] - ARM based SoC 설계... Linux, shell, tcl, 
python, perl 사용 원활..."
https://kr.indeed.com/viewjob?jk=1e8d7931d406d58a,솔브레인 ICT부문,경기도 성남,,"로그래밍(
Python, JAVA 등)에 대한 기초지식 필요 - 4년제 대졸이상 > 우대사항 - 디지털 솔루션 구축 / 운영 (RPA, AI 등) 가능자 - 응용 프로그램 설계 / 개발 / 운영 (
Python, JAVA..."
https://kr.indeed.com/viewjob?jk=4f43a2e29f9f5c11,자동차 전장 ADAS 카메라 알고리즘 SW 개발 전문가,서울특별시,,"Camera calibration, multi-view geometry - 중급 이상 C/C++/
Python 개발 및 computer vision관련 tool 활용 가능 - Tensorflow/Pytorch/Caffe 등의..."
https://kr.indeed.com/viewjob?jk=847b83c4abbb47d8,소프트웨어 개발 연구원,경기도 안양,"연봉 40,000,000원 - 70,000,000원","분 ㆍ리눅스커널 수정 및 디바이스 드라이버 개발 및 포팅에 대한 이해와 경험이 있으신 분 ㆍC/C++/
Python/Java 등의 프로그래밍 언어에 대한 관심과 경험이 풍부하신 분 ㆍLinux/Debian/Ubuntu..."
https://kr.indeed.com/viewjob?jk=1dd8681b1274d8d8,2021년 일본IT 해외취업 과정 / 하이브리드 소프트웨어 전문가 과정 51기 교육생,대전 중구,,"통신·모바일·게임>빅데이터·AI(인공지능)>데이터분석|인터넷·IT·통신·모바일·게임>빅데이터·AI(인공지능)>
Python|인터넷·IT·통신·모바일·게임>빅데이터·AI(인공지능)>머신러닝|인터넷·IT·통신·모바일·게임>빅데이터..."
https://kr.indeed.com/viewjob?jk=7e4150117819bbe4,"정보보호 엔지니어(보안개발, 서버보안) 모집",성남 판교역,,"있으신 분이 유리합니다. 지원자격 Linux 플랫폼에 대한 이해 서버 개발경험 필수 [mongdb, 
python, docker, bash script] 내부통제 관점의 기업보안의 이해 경력 3년 차 이상 필독사항..."
https://kr.indeed.com/viewjob?jk=45e2530522c7472a,"Python, 인공지능(AI) 외 신입/경력 정규직",성남 분당구,,"제출서류에 허위사실이 있을 경우 채용이 취소될 수 있습니다. 인터넷·IT·통신·모바일·게임>응용프로그래머>
Python|인터넷·IT·통신·모바일·게임>데이터베이스·DBA>Oracle DB|인터넷·IT·통신·모바일·게임>ERP..."
https://kr.indeed.com/viewjob?jk=bf05f51db0a7e48c,풀스텍 개발자 / 임베디드 개발자,서울,,"로그래밍언어: -백엔드: Go,
Python,Rust,C/C++,Nodejs... 개발: 2년 (선호) * 실무: 2년 (선호) 언어: * Go,
Python,Rust,C/C++,Nodejs (선호) 원격 근무: * 아니요"
https://kr.indeed.com/viewjob?jk=06d133676285b02e,침해사고 대응,성남 판교역,,"계층별/영역별 취약점에 대한 충분한 이해 - CVE 보안취약점 분석 및 대응 역량 - C, Java, 
Python 등을 통한 업무 자동화 및 분석도구 개발 경험 - 리버스 엔지니어링에 능숙하거나 다수의 버그바운티 참여..."
https://kr.indeed.com/viewjob?jk=32dcc690f5be7f10,Software Engineer - Full Stack (MLOps),서울,,"Javascript and React framework * Experience with 
Python scripting with 2D/3D vision data processing and visualization..."
https://kr.indeed.com/viewjob?jk=1770f116606eeeb0,[커머스 플랫폼] 백엔드 엔지니어 (전문연구요원 가능),서울,,"이런 분을 찾습니다 Docker 기반 환경의 서비스 구축 경험이 있으신 분 Flask, Falcon 등 
Python 기반 웹어플리케이션 서버 개발 경험이 있으신 분 RDBMS 또는 Elasticsearch 등을 활용한 시스템..."
https://kr.indeed.com/viewjob?jk=ac9068957c550cb3,데이터 전문가(모델러/분석가/엔지니어) 모집,성남 판교역,,"대용량 데이터를 효율적으로 사용하기 위한 기반 데이터 가공 지원자격 데이터 사이언스를 위한 언어(R/
Python/Scala) 및 도구(scikit-learn/Spark MLlib/Tensorflow/Pytorch 등)를..."
https://kr.indeed.com/viewjob?jk=71c47ac87bb4087e,기술 인턴 인공지능 응용 연구/개발 인턴,서울 관악구,,"6개월) (협의) *모집 절차: 서류 à인터뷰(오프라인) *지원 자격: 프로그래밍 언어 활용 능력: 
Python, C, C++ 중 1가지 이상 데이터구조, 알고리즘 과목 이수 머신러닝과 딥러닝의 기본 개념 이해 머신러닝..."
https://kr.indeed.com/viewjob?jk=3208b77b12fcc510,Korean Computational Linguist - AI (Natural Language Reasoni...,서울,,"relation frameworks * Experience in programming in Perl, 
Python, or another scripting language * Experience in using grammar..."
https://kr.indeed.com/viewjob?jk=e5448ffc7d6ecf02,FPGA 플랫폼 엔지니어 (딥러닝 하드웨어 프로세서 개발),성남 분당구,"연봉 40,000,000원 - 100,000,000원","사용 경험(Chip Scope/SignalTap) - Language: 
Python/Perl, C/C++ - Vivado 또는 Synplify 또는... SignalTap) - Language: 
Python/Perl, C/C++..."
https://kr.indeed.com/viewjob?jk=1e974ff27c6eb340,Autonomous Driving 분야 엔지니어,서울 강남구,,"프로그래밍 기술 (C/C++, 
Python 등) - 이동 로봇/드론 관련... platform 개발 경험 - 뛰어난 프로그래밍 기술 (C/C++, 
Python) - 3D geometry, math, physics 관련 경험 및..."
https://kr.indeed.com/viewjob?jk=4adac8923476d038,프랭클린템플턴투신운용 Junior Trader (Quant base 필수),대한민국,,"object-oriented programming and intermediate programming proficiency in 
Python, R or MATLAB, and SQL are essential. Licenses..."
https://kr.indeed.com/viewjob?jk=ecd0fe8ed259124a,SK 브로드밴드 Biz Analyst 분야 경력사원,서울특별시,,"빅데이터 등 관련 전공자 경력 - 데이터 분석 지식 및 분석 Tool 사용가능자 (SQL, R, 
Python 등) *필수사항 - Data기반 분석 Insight 도출 및 현업 Communication 에 대한 경험..."
https://kr.indeed.com/viewjob?jk=a0bc80a2fcbbc8a3,시스템 개발 신입사원 모집,대한민국,,"이며, 적극적인 사고방식을 갖고 계신 분 · java, spring framework, javascript, 
python 개발역량을 보유하신 분 · RDBMS(Sybase, PostgreSQL, Oracle 등) 관련 지식을..."
https://kr.indeed.com/viewjob?jk=0c8103efd26d466c,데이터센터 운영 도구 개발,성남 판교역,,"User Interface 개발 - 경력 4년 이상 - Linux 환경(LAMP) 경력 3년 이상 - 
Python, Django, Javascript, PHP 경험 - 다양한 Front-end 프레임 워크 사용 경험..."
https://kr.indeed.com/viewjob?jk=8c32b5db8ab28c7d,"[광고 추천] 데이터 과학자, 기계학습(머신러닝) 전문가 모집",성남 판교역,,"학습(머신러닝), 딥러닝에 관한 지식과 경험이 풍부한 분 하나 이상의 프로그래밍 언어에 능통한 분 (예, 
Python, R, Java, Scala, C/C++, Golang 등) 단, 주니어는 기계학습 기초 지식과 개발 역량..."
https://kr.indeed.com/viewjob?jk=c02d60ec8ce427fc,"백엔드, Python 외 경력 정규직, 계약직",성남 분당구,,"- 지원자격 
Python 기반 서비스 개발 경험을 가지고 계신 분 NodeJS... 력무관직무기술: NodeJS 백엔드 개발, 백엔드부문기타: - 지원자격
Python 기반 서비스 개발 경험을 가지고 계신 분NodeJS, express..."
https://kr.indeed.com/viewjob?jk=6d32c5c83a3357a2,부문별 신규직원,세종특별자치시,,"통신·모바일·게임>빅데이터·AI(인공지능)>데이터분석|인터넷·IT·통신·모바일·게임>빅데이터·AI(인공지능)>
Python|인터넷·IT·통신·모바일·게임>빅데이터·AI(인공지능)>머신러닝|인터넷·IT·통신·모바일·게임>빅데이터..."
https://kr.indeed.com/viewjob?jk=cb21526dd46b0f90,인공지능 등 신기술 분야 경력직 인재,대한민국,,"수요건1 (인공지능 전문가 분야) - 인공지능 및 머신러닝/딥러닝 등 AI관련 지식과 기술의 보유 - R, 
Python 중 하나 이상의 분석 언어를 사용하여 인공지능 모형 구현 가능 필수요건2 (인공지능 등 신기술의 적용..."
https://kr.indeed.com/viewjob?jk=7268328c0d71d81c,Junior Full-Stack Developer,서울,,"React 혹은 WordPress 등의 CMS도 사용. • 
Python, Node.js, Java, PHP for backend development. • 
Python, Node.js, Java, PHP 등을 사용하여 백엔드..."
https://kr.indeed.com/viewjob?jk=c25feb431668b850,Teaching Faculty,서울•원격 근무,"시급 50,000원 - 120,000원","following courses... 2021-2022 academic year: Computer Science (
Python, Javascript, C/C++, etc. ) Mathematics (Algebra..."
https://kr.indeed.com/viewjob?jk=ea89f29264defca6,"[전주] (신입/경력)랜선하우스 웹개발, Python",전주 완산구,,"(유)랜선하우스부동산투어 [전주] (신입/경력)랜선하우스에서 웹개발, 
Python 모집합니다. 모집부문 및 자격요건 담당업무 자격요건 인원 [담당업무... 웹프로그래머>웹개발|인터넷·IT·통신·모바일·게임>웹프로그래머>
Python"
https://kr.indeed.com/viewjob?jk=cb21526dd46b0f90,인공지능 등 신기술 분야 경력직 인재,대한민국,,"수요건1 (인공지능 전문가 분야) - 인공지능 및 머신러닝/딥러닝 등 AI관련 지식과 기술의 보유 - R, 
Python 중 하나 이상의 분석 언어를 사용하여 인공지능 모형 구현 가능 필수요건2 (인공지능 등 신기술의 적용..."
https://kr.indeed.com/viewjob?jk=5ea9ea023c6ccc03,"S/W 엔지니어, 데이터분석 신입/경력 정규직, 인턴",성남 분당구,,"케이션 제작 및 유지보수 업무- 
Python, Golang, QT 중 선택... 2. 시스템프로그래머- 
Python, Golang, QT 중 선택 가능3. 영상데이터 분석 및 모델링- 
python기반 영상데이터 분석 및 모델링..."
https://kr.indeed.com/viewjob?jk=c10064bea1536bfd,[ICT 확산사업] 2021년 블록체인 교육비 무료 교육생,서울,,"통신·모바일·게임>빅데이터·AI(인공지능)>데이터분석|인터넷·IT·통신·모바일·게임>빅데이터·AI(인공지능)>
Python|인터넷·IT·통신·모바일·게임>빅데이터·AI(인공지능)>머신러닝|인터넷·IT·통신·모바일·게임>빅데이터..."
https://kr.indeed.com/viewjob?jk=6f4889537af98046,데이터 사이언티스트 및 엔지니어,성남 판교역,,"및 데이터 분석 관련 언어(R, 
Python, SQL 등)의 능숙한 활용... Hadoop 에코 시스템을 통한 데이터 처리 플랫폼 개발 가능 - 
Python, Java, SQL 활용 능숙 - 오픈소스 학습 및 활용 역량..."
https://kr.indeed.com/viewjob?jk=a0bc80a2fcbbc8a3,시스템 개발 신입사원 모집,대한민국,,"이며, 적극적인 사고방식을 갖고 계신 분 · java, spring framework, javascript, 
python 개발역량을 보유하신 분 · RDBMS(Sybase, PostgreSQL, Oracle 등) 관련 지식을..."
https://kr.indeed.com/viewjob?jk=049e047740085644,분당 kt 전산 프로그램 개발/운영 인력,성남 분당구,,"수 있습니다. 인터넷·IT·통신·모바일·게임>웹프로그래머>JAVA|인터넷·IT·통신·모바일·게임>웹프로그래머>
Python|인터넷·IT·통신·모바일·게임>웹프로그래머>JSP|인터넷·IT·통신·모바일·게임>데이터베이스·DBA..."
https://kr.indeed.com/viewjob?jk=e5448ffc7d6ecf02,FPGA 플랫폼 엔지니어 (딥러닝 하드웨어 프로세서 개발),성남 분당구,"연봉 40,000,000원 - 100,000,000원","사용 경험(Chip Scope/SignalTap) - Language: 
Python/Perl, C/C++ - Vivado 또는 Synplify 또는... SignalTap) - Language: 
Python/Perl, C/C++..."
https://kr.indeed.com/viewjob?jk=3481d28c4e3ddef2,[물류플랫폼] 프론트/백엔드 개발자 채용(경력직),인천,"연봉 46,800,000원 - 50,400,000원","비스 개발 및 운영경험 ㆍ조직의 기술과 문화를 지속해서 높여가기 위해 적극적인 활동을 하신 분 • 기술스택 ㆍ
Python, Node.js, Nest.js, Typescript, AWS, GCP, GraphQL, MongDB..."
https://kr.indeed.com/viewjob?jk=e862bb7cf9eedd84,[TmaxTibero/기술] DBMS 제품 QA 신입 및 경력,성남 분당구,,"경력 지원자) - 데이터베이스 연관 3rd Party 제품 기술지원 경험자(경력 지원자) - Java/C/
Python/shell 초급 개발자/경험자(경력 지원자) - S/W QA 경험자(경력 지원자) - CDC 제품 사용..."
https://kr.indeed.com/viewjob?jk=2efbe762db1c2698,경력사원 정규직 채용,서울 여의도,,"데이터 수집 및 마트 설계(Hive, Spark SQL 등) -데이터 전처리 및 분석 모델 설계/구현(
Python, Pyspark 등) -분석결과 시각화 및 BI Tool 활용능력(Tableau 등) -학사 학위 이상..."
https://kr.indeed.com/viewjob?jk=7cdcfaeb2ddc43a9,품질센터 인재 Pool 등록 (8월 경력),청주 오창읍,,"Minitab, SPSS, SAS 등) or 프로그래밍 언어 (R, 
Python, Visual Basic 등)에 대한 경험 - 6σ MBB, CRE... 등) or 프로그래밍 언어(R, 
Python, Visual Basic 등..."
https://kr.indeed.com/viewjob?jk=e8c1cc0dcd92a1ae,Diploma Student / Intern - Software Engineering Intern - Kor...,서울,,"even under challenging conditions Programming languages: 
Python, JavaScript Intermediate communication skills in English..."
https://kr.indeed.com/viewjob?jk=bb3dd73bc58c31af,[진행중] 우리은행 빅데이터사업부 전문직(데이터사이언티스트-분석) 채용공고,서울 회현동,,"공학)/수학/통계 관련 전공자 - 금융 분야 또는 B2C 서비스, 플랫폼 운영/기획 경험 보유자 - 
Python/R/Java 등 분석 및 프로그래밍 언어 사용 경험자 - 은행 등 금융권 데이터 기획/운영/PM 관련..."
https://kr.indeed.com/viewjob?jk=ecd0fe8ed259124a,SK 브로드밴드 Biz Analyst 분야 경력사원,서울특별시,,"빅데이터 등 관련 전공자 경력 - 데이터 분석 지식 및 분석 Tool 사용가능자 (SQL, R, 
Python 등) *필수사항 - Data기반 분석 Insight 도출 및 현업 Communication 에 대한 경험..."
https://kr.indeed.com/viewjob?jk=eb653c2f2346cce9,R&D 경력사원 (기판/전력전자/Actuator/렌즈/AI/SW),서울 마곡역,,"픈소스 기반 머신러닝/딥러닝 기술 개발 경험자 - 프로그래밍 스킬 보유자(
python, java, C/C++, tensorflow, pytorch 등... 가능자 (MATLAB, Simulink, 
Python) - 디지털신호처리..."
https://kr.indeed.com/viewjob?jk=1fddea3f6e90d96d,데이터 엔지니어(신입/경력),서울 강남구,,"DataMart 인프라 개발 & 관리 • 데이터 분석 업무 자격요건 • Java, Kotlin, Scala, 
Python 사용 경험 • SQL 사용 경험 우대사항 • Spark 사용 경험 • Hadoop 사용 경험..."
https://kr.indeed.com/viewjob?jk=b15288909dc2094b,"[인턴] Lighthouse 본부 서버, 웹서비스 개발자 인턴 채용 - 정규직 전환 가능",서울 강남구,,"가능) -고용형태: 인턴 근무기간 동안 평가를 통해 정규직 전환 검토 -
Python기반 웹 서비스 개발 능력 -React 및 CSS/HTML 같은... 평가를 통해 정규직 전환 검토 -
Python기반 웹 어플리케이션 개발 경험..."
https://kr.indeed.com/viewjob?jk=f2b304235c876282,퀀트개발자,서울,"연봉 40,000,000원 - 50,000,000원","programming skills in any... following languages. (C/C++/C#/
Python/Java/Node.js) -Experience with R/Excel modelling..."
https://kr.indeed.com/viewjob?jk=e7c8c2b11f24fb43,Software Engineer,서울,,"languages, including... limited to: C++, Java, C and 
Python. Excellent written and verbal communication skills. About..."
https://kr.indeed.com/viewjob?jk=7268328c0d71d81c,Junior Full-Stack Developer,서울,,"React 혹은 WordPress 등의 CMS도 사용. • 
Python, Node.js, Java, PHP for backend development. • 
Python, Node.js, Java, PHP 등을 사용하여 백엔드..."
https://kr.indeed.com/viewjob?jk=0db4e7cb4a9dab02,클라우드 엔지니어 모집,성남 판교역,,"V 기반 가상화 시스템 운영 3년 이상의 리눅스 시스템(Ubuntu, CentOS) 운영 Shell, 
Python 프로그래밍 뛰어난 업무 소통 능력 우대사항 OpenStack 기반 클라우드개발 운영 Kubernetes 운영..."
https://kr.indeed.com/viewjob?jk=49d127c231640d09,Field Service Engineer,서울,,"experience with system administrative scripting. (bash, 
Python, etc.). 3+ years experience with modern server deployment..."
https://kr.indeed.com/viewjob?jk=be95b5718905880f,AI/빅데이터/클라우드 분야 (인재 Pool),서울,,"의미한 인사이트 발굴 - R, 
Python, SQL 등 Statistics... 등)의 다양한 솔루션을 활용하여 서비스 개발 경험자 2) Java,
Python 등 프로그래밍 개발 경험 보유자 3) Container 기반 서비스..."
https://kr.indeed.com/viewjob?jk=6d32c5c83a3357a2,부문별 신규직원,세종특별자치시,,"통신·모바일·게임>빅데이터·AI(인공지능)>데이터분석|인터넷·IT·통신·모바일·게임>빅데이터·AI(인공지능)>
Python|인터넷·IT·통신·모바일·게임>빅데이터·AI(인공지능)>머신러닝|인터넷·IT·통신·모바일·게임>빅데이터..."
https://kr.indeed.com/viewjob?jk=1e8a7f97c4b6238b,NLP/Chatbot Researcher,서울,,"PyTorch, Caffe 등 Machine Learning Framework 활용 능력 - 
Python, C/C++, Java 등 프로그래밍 언어 경험 • 우대사항 - 관련 분야 박사 학위 - Machine..."
https://kr.indeed.com/viewjob?jk=89f3e10d77a126bf,Field Service Engineer,경기도 용인,,"troubleshooting. Preferably to have coding capability (Matlab, 
Python...etc... data analysis, visualization, and algorithm..."
https://kr.indeed.com/viewjob?jk=1770f116606eeeb0,[커머스 플랫폼] 백엔드 엔지니어 (전문연구요원 가능),서울,,"이런 분을 찾습니다 Docker 기반 환경의 서비스 구축 경험이 있으신 분 Flask, Falcon 등 
Python 기반 웹어플리케이션 서버 개발 경험이 있으신 분 RDBMS 또는 Elasticsearch 등을 활용한 시스템..."
https://kr.indeed.com/viewjob?jk=e45a312040ca1ef0,[PBN] Back-End 프로그래머 모집,성남 판교역,,"Framework(Spring Boot)또는 Node.js 이용한 Application 개발 경험자 2. 
Python등의 스크립트 활용 3. mongoDB, mysql 개발 경험자 4. 최신 기술 동향에 능동적인 마인드 보유..."
https://kr.indeed.com/viewjob?jk=ca4acc557faca426,IT Project Manager,서울,,"3) Network Programming skills (e.g. C/Java/
Python) or ability to read and write SQL... skills (e.g. C/Java/
Python) or ability..."
https://kr.indeed.com/viewjob?jk=50a2ea4efa470d4c,[IT운영팀] RPA 기획 설계 경력직 채용,서울,,"RPA 이해도 上 및 활용 제안 knowledge •UiPath (타 SW경험 가능), 
Python 이해 및 활용 •Java, Javascript, SQL 기본이해 •DT Trend / Insight 0 본사(63빌딩..."
https://kr.indeed.com/viewjob?jk=7cb5c3076d1701db,"Field Applications Engineer, Audio",서울,,"High level or detailed knowledge of SOC design. C/C++, 
python coding skills. Knowledge of music, audio/video production..."
https://kr.indeed.com/viewjob?jk=07375dc4e800dfa9,추천 시스템 소프트웨어 엔지니어,성남 판교역,,"관련 업무 경험자 우대사항 운영체제, 네트워크, 컴파일러, 데이터베이스에 대한 이해가 깊으신 분 
Python, C++, GPU 프로그래밍 숙련자 대용량/실시간 서비스 개발/운영 경험이 많으신 분 ICPC/TopCoder..."
https://kr.indeed.com/viewjob?jk=be6c1f03fa566f8e,추천 시스템 연구/개발,성남 판교역,,"분야 석사 또는 박사 학위 소지자 적어도 하나 이상의 능숙한 프로그래밍 언어가 있으신 분 우대사항 
Python, C++, GPU 프로그래밍 숙련자 TensorFlow, PyTorch, implicit 등 머신러닝/추천..."
https://kr.indeed.com/viewjob?jk=662beff5f293820b,AR/VR SDK 개발자 모집,성남 판교역,,"iOS 및 PC/Web 플랫폼향 API 개발 (C++, Java/Kotlin, ObjC/Swift, 
Python, Javascript) 멀티플랫폼 패키징 및 배포시스템 개발, 유지보수 모바일 최적화 및 플랫폼 이슈 대응..."
https://kr.indeed.com/viewjob?jk=55a19c92c845685e,Developer / Designer recruit,서울 논현동,,"language (i.e 
Python, Ruby, Java, .Net... High proficiency in 
Python... knowledge... least one 
Python web framework..."
https://kr.indeed.com/viewjob?jk=fed05adc8174f9d8,소니코리아 디바이스 사업부 세일즈마케팅 및 엔지니어 채용,서울 여의도,,"및 Porting ㆍDigital 신호처리 [우대사항] ㆍ전자공학 및 컴퓨터공학 전공자 ㆍC++, 
Python 사용가능자 ㆍEmbedded system 개발 경험 ㆍAndroid/iOS App 개발 경험 ㆍ정보처..."
https://kr.indeed.com/viewjob?jk=5bf2704355839213,시스템반도체 회로개발 2년 이상 경력,수원 권선구,,"4대보험가입, 경조사비, 점심식사(비) 제공 • 참고사항 - Scripting and Automation (
Python, Tcl, Perl 등) 사용 가능자 우대 - 회로 설계툴 (EDA - Virtuoso/HSPICE..."
https://kr.indeed.com/viewjob?jk=96bb239ebd9b6508,Digital Analytics Specialist,서울,,"end languages (
Python, NodeJS, PHP, etc... HTML5 / CSS / JavaScript, 기타 프론트 엔드 언어 (
Python, NodeJS, PHP 등) 등 읽고 쓰는 능력 기본 혜택..."
https://kr.indeed.com/viewjob?jk=95fcfab87b9906bd,Job Posting Title Deep Learning Researcher,서울,,"network 등) Deep Learning 방법론에 대한 데모 프로그램 제작 및 제품화 코드 작성(
Python / C++) 다양한 종류의 제조업 이미지 데이터에 대한 탐색, 분석 및 전처리 모듈 구현 최신 Deep..."
https://kr.indeed.com/viewjob?jk=df21e3bb5d773616,Python Programmer,서울 서초구,,"개발 – JAVA 프로그래밍(라이브러리 활용) – Spring 프레임 워크 개발 – 
Python API 프로그래밍 우대사항 – 
Python 개발 경험 – Open Source 라이브러리 개발경험 – Web 표준에 대한 경험..."
https://kr.indeed.com/viewjob?jk=43f8edb38c7888c7,[위메프오] 서버개발자(정규직),대한민국,,"데이터베이스 분산설계 및 미들웨어 개발 [자격사항] - 서버 프로그래밍 언어(PHP, Go, C/C++, 
Python, Java) 중 1개 이상 사용이 가능한 분 - 자료구조, 알고리즘, 분산처리 등 SW관련 기본지식 보유..."
https://kr.indeed.com/viewjob?jk=f60eb842043cd953,[AI R&D] Language AI(NLP) Research 분야 수시 모집,성남 판교역,,"분 - 통계/Machine Learning에 대한 이해와 활용 능력 및 text 처리 기술에 대한 경험 - 
Python, Java 등을 이용하여 NLP 기술을 구현 가능한 분 - 최신 기술(논문, 기술문서 등)을 습득하는..."
https://kr.indeed.com/viewjob?jk=30e17a7d8ce9d4d4,Software Engineer,서울,,"writing optimal code... least one stack (Java, Go, Ruby, 
Python) Ability to work collaboratively and cross-functionally..."
https://kr.indeed.com/viewjob?jk=7db761044cdc6711,풀스택 개발 2년이상 10년 이하,서울 교대역,,"등 Back: Java, Spring, 
Python, Django 등 (지원자의 경험을 고려하여 협의) • 사용스택 - 이공계 전공 석사 이상 졸업자 - Docker 사용 경험자 - 
Python (Django) 개발 경험자..."
https://kr.indeed.com/viewjob?jk=d0944f0c610fcb25,[웹젠] 게임보안(경력),성남 분당구,,"PC/AOS/IOS 어플리케이션 리버싱 가능한 분 - C/C++/
Python/Java 등 개발 능력을 보유한 분 - 문제점 파악 후, 개선 방안 제시... 리버싱 가능한 분 - C/C++/
Python/Java 등 개발 능력을 보유..."
https://kr.indeed.com/viewjob?jk=4de10ddc3715df93,"Software Engineer, Korea",서울,,"개발하며 운영합니다. 로봇에서 수집되는 데이터 처리하며 프로세스 자동화 환경을 구축합니다. 자격 요건 
Python 개발 경력 3년 이상 혹은 그에 준하는 실력을 갖추신 분 기본적인 개발능력 (알고리즘, 자료구조, 운영체제..."
https://kr.indeed.com/viewjob?jk=8f6bcf1ccccfbbba,데이터 가공자,서울 마포구,,"격요건]경력사항: 신입, 경력()학력사항: 대학(2,3년)졸업직무기술: 
Python, openCV 1 명 공통 자격요건ㆍ학력 : 대졸 이상 (2,3년... 게임>빅데이터·AI(인공지능)>
Python|인터넷·IT·통신·모바일·게임..."
https://kr.indeed.com/viewjob?jk=1c1dc5a45e9624e3,계약직 인재,서울 영등포구,,"업무 경력자 우대 □ SAS, 
Python, Oracle 프로그램 숙련자... 인터넷·IT·통신·모바일·게임>웹프로그래머>
Python|인터넷·IT·통신·모바일·게임>응용프로그래머>
Python|금융·보험·증권>금융사무·심사·추심>기업금융"
https://kr.indeed.com/viewjob?jk=c25feb431668b850,Teaching Faculty,서울•원격 근무,"시급 50,000원 - 120,000원","following courses... 2021-2022 academic year: Computer Science (
Python, Javascript, C/C++, etc. ) Mathematics (Algebra..."
https://kr.indeed.com/viewjob?jk=b65bcbbbb9a5f8e0,버즈앤비(주) 데이터 엔지니어,성남 분당구,,"백엔드|인터넷·IT·통신·모바일·게임>웹프로그래머>프론트엔드|인터넷·IT·통신·모바일·게임>웹프로그래머>
Python|인터넷·IT·통신·모바일·게임>시스템프로그래머>HMI|인터넷·IT·통신·모바일·게임>시스템프로그래머>CICS..."
https://kr.indeed.com/viewjob?jk=a0dda478567db352,"(주)트윔 개발자(경력직) 빅데이터,영상처리,머신비전/AI 딥러닝",경기도 화성,,"자기주도적으로 진행한 경험 - 
Python/C/C++ 능통자 - 데이터... RNN 등 딥러닝 이론 및 알고리즘 유경험자 - C/C++, Java, 
Python/TensorFlow/Caffe 사용가능자 - Matlab/R 분석..."
https://kr.indeed.com/viewjob?jk=84e90860a83c542f,[ 국내 최고회사] Back-End 개발자,성남 분당구,,"로그래머>백엔드|인터넷·IT·통신·모바일·게임>웹프로그래머>웹개발|인터넷·IT·통신·모바일·게임>웹프로그래머>
Python|인터넷·IT·통신·모바일·게임>데이터베이스·DBA>NoSQL|인터넷·IT·통신·모바일·게임>데이터베이스..."
https://kr.indeed.com/viewjob?jk=8e2a524c4d0fc88b,Support Escalation Engineer,서울,,"debugging experience (C/C++/C#, 
Python, Node.JS, etc.) Azure Application... experience (C/C++/C#, 
Python, Java, Node..."
https://kr.indeed.com/viewjob?jk=16a3dc3b34b2f9ce,IT 및 대인(소액)보상 신입 및 경력직,경기도,,"웹개발|인터넷·IT·통신·모바일·게임>웹프로그래머>JSP|인터넷·IT·통신·모바일·게임>웹프로그래머>
Python|인터넷·IT·통신·모바일·게임>응용프로그래머>iOS|인터넷·IT·통신·모바일·게임>응용프로그래머>Android..."
https://kr.indeed.com/viewjob?jk=3658f0d5f7a2ca2a,[디지털컨텐츠사] 사업전략/데이터 분석 담당,성남 분당구,,"년 ~10년 [우대사항] - 데이터 분석툴 활용(SQL,Tableau,
Python등) - 비지니스 영어 가능 - 모바일 게임앱 등 디지털컨텐츠 업계경... 터분석|인터넷·IT·통신·모바일·게임>빅데이터·AI(인공지능)>
Python"
https://kr.indeed.com/viewjob?jk=9bdfdd99b8965ead,[어니컴(주)] 데이터 분석가 신입/경력,서울 용산구,,"자격요건]ㆍ학력 : 대졸이상ㆍ경력 : 무관ㆍ프로그래밍 언어: R 혹은 
Python 활용 가능ㆍ통계 또는 기계학습에 기본 개념 이해ㆍ통계분석 혹은 기계... 게임>빅데이터·AI(인공지능)>
Python|인터넷·IT·통신·모바일·게임..."
https://kr.indeed.com/viewjob?jk=53f4c60a85bf3609,Senior(Manager) Business Analysis (CRM Targeting),서울,,"sets · Experience using a programming language (R, SAS, 
Python, Java, etc... automation, job scheduling, and statistical..."
https://kr.indeed.com/viewjob?jk=a98eb9cf76d8f726,"웹프로그래머/Python/SQL DB/WebRTC/CSS,PHP etc 신입/경력 정규직",수원 영통구,,"연구빅데이터분석 및 AI개발 
Python , WebRTC 프로그램개발현장... 및 AI개발, 
Python / WebRTC프로그램개발[우대사항]전공계열: 공학계열자격증: 
Python, 
Python 교육이수자, 빅데이터, 스마트공장..."
https://kr.indeed.com/viewjob?jk=11e864467b976aa6,"경남 ICT 이노베이션스퀘어 사업 인공지능, 블록체인 교육생",창원 마산회원구,,"게임>빅데이터·AI(인공지능)>
Python|인터넷·IT·통신·모바일·게임... 로그래머>인공지능(AI)|인터넷·IT·통신·모바일·게임>응용프로그래머>
Python|인터넷·IT·통신·모바일·게임>응용프로그래머>머신러닝(ML)|인터넷..."
https://kr.indeed.com/viewjob?jk=1e974ff27c6eb340,Autonomous Driving 분야 엔지니어,서울 강남구,,"프로그래밍 기술 (C/C++, 
Python 등) - 이동 로봇/드론 관련... platform 개발 경험 - 뛰어난 프로그래밍 기술 (C/C++, 
Python) - 3D geometry, math, physics 관련 경험 및..."
https://kr.indeed.com/viewjob?jk=abbb8df34c660e0a,"빅데이터, (AI)인공지능 외 신입/경력 인턴 (정규직전환)",서울 금천구,,"인공지능)>인공지능(AI)|인터넷·IT·통신·모바일·게임>빅데이터·AI(인공지능)>데이터분석|인터넷·IT·통신·모바일·게임>빅데이터·AI(인공지능)>
Python|인터넷·IT·통신·모바일·게임>빅데이터·AI(인공지능)>딥러닝"
https://kr.indeed.com/viewjob?jk=91097e65849243a2,Analytics Consultant (PharmDash) - Korea,대한민국,,"team members necessary for delivery Ability to use SAS, R, 
Python and SQL to run queries on HIRA databases, interpret..."
https://kr.indeed.com/viewjob?jk=e658236007117d98,Junior Business Analyst (Non-tech),서울,,"의와 체계적 사고체계를 갖추신 분 [우대 조건] 이커머스, 리테일, 물류 관련 도메인 경험을 보유하신 분 
Python, R 등 기타 프로그램 언어 사용 경험을 보유하신 분 한국어 및 영어 모두 능숙한 커뮤니케이션이 가능하..."
https://kr.indeed.com/viewjob?jk=45f9a39bdf645e57,기술혁신센터 경력사원,충청남도 천안,,"OHT 등) 천안 컴퓨터/시스템 전기/전자 기계/산공 *전문지식 - Java, C#, C++, 
Python - Oracle (PL/SQL) - Automod, VisualComponent - 통신프로그래밍..."
https://kr.indeed.com/viewjob?jk=14d562d10c215572,"PHP, Python 신입/경력 정규직",서울 금천구,,"주식회사 비즈부스터 PHP, 
Python 개발자 채용 모집부문 및 자격요건 담당업무 자격요건 인원 [담당업무]*당사의 서비스(비즈탑) 솔루션 및 서비... 프로그래머>PHP |인터넷·IT·통신·모바일·게임>웹프로그래머>
Python"
https://kr.indeed.com/viewjob?jk=d8a8869ab092f731,데이터 엔지니어 및 사이언티스트,성남 판교역,,"등 데이터 엔지니어와 사이언티스트의 업무를 경계 없이 수행하게 됩니다. 지원자격 개발 경력 3년 이상 
Python, Scala, Java, C++ 중 하나 이상의 언어에 능통 SQL 또는 HiveQL에 능통 대용량 데이..."
https://kr.indeed.com/viewjob?jk=c0d648cf00cf30ca,"SW 개발, 유지보수,테스트",인천 부평구,"연봉 30,000,000원","유경험자 ㆍOpenCV 등 컴퓨터 비전 및 머신러닝 처리 유경험자 ㆍ
Python, NodeJS 프로그램 유경험자 ㆍ모바일(안드로이드,아이폰) 프로그램... 유자 ( C/C++, MFC, 
Python 등) ㆍIT 관련 학과 졸업 및..."
https://kr.indeed.com/viewjob?jk=d83fc0dd2641f483,전문연구요원 (병역특례) 수시 (AI / SW 분야),성남 분당구,"연봉 40,000,000원 - 100,000,000원","요구 능력] - ASM/C/C++/
Python 언어 코딩 기술 - 운영체제... 경험 - Windows/Linux 상에서 C++/
Python 언어 사용 개발 경험 - C++ / 
Python 언어 사용 개발 경험 - 객체지향 설계에..."
https://kr.indeed.com/viewjob?jk=34f22fafb415ec3c,Data Analyst,서울 영등포구,,"가지신 분 Business Intelligence 시스템 및 비즈니스 리포팅 툴의 활용 능력 프로그래밍 언어(
Python/R, etc)를 활용하여 데이터 분석이 가능하신 분 더 나은 데이터 기반 서비스를 만들기 위해 동료들과..."
https://kr.indeed.com/viewjob?jk=30278fbef06928e4,Senior Analytics Consultant,서울,,"commercial benefits. Excellent programing skills in R/ 
Python. Experience of client engagements from analytics platform..."
https://kr.indeed.com/viewjob?jk=2a18b5bf84c6aa36,Technical Enablement Manager - Seoul,서울,,"Kubernetes or Rancher etc.. Scripting languages like 
Python, Javascript, Ruby, Perl, Go, PHP, or Chef/Puppet etc.. Why You..."
https://kr.indeed.com/viewjob?jk=3213e7f6252bf9be,GEDP,경기도 성남,,"using C programming language Scripting languages like Lua/
Python/JavaScript may also be used if needed Support connected..."
https://kr.indeed.com/viewjob?jk=269f9a96319ef19a,머신러닝 엔지니어 모집,성남 판교역,,"델의 성능 검증 및 지속 개선 대규모 로그 데이터 통계 분석을 통한 피쳐 추출 지원자격 #필수사항 
Python, Java, C++ 등 언어 중 하나 이상 활용 가능하신 분 TensorFlow/Keras, PyTorch..."
https://kr.indeed.com/viewjob?jk=649ccf047c868778,"금융 데이터 분석 엔진, 로보어드바이저 개발자",서울 영등포구,,"시스템, 머신러닝, 자연어처리. 패턴분석 - 다음 언어에서 최소 한 가지 이상 능숙자: Java, C++, 
Python, JavaScript 우대사항 - 석사이상 컴퓨터공학 (Computer Science) 분야 또는..."
https://kr.indeed.com/viewjob?jk=70fadfe5077b6728,"Software Engineer, Robotics",서울,,"구하고 필요한 기능을 개발합니다. 차세대 로봇 플랫폼 개발에 필요한 선행 연구를 수행합니다. 자격 요건 
Python 및 C++ 개발 경력 3년 이상 혹은 그에 준하는 실력을 갖추신 분 알고리즘, 자료구조, 운영체제에 대한..."
https://kr.indeed.com/viewjob?jk=c39d18040425ef53,PostgreSQL 운영 및 데이터베이스 관리자 모집,성남 판교역,,"청하고 잘 이해하는 분 Database 운영 유경험자 ( PostgreSQL 운영 경험이 있으신 분 우대) 
python, go, bash 등 개발 경험이 있는 분 우대 클라우드 환경의 DB시스템 구축 및 운영 경험이 있는 분..."
https://kr.indeed.com/viewjob?jk=cbd14c5c1e6c7b34,리스크관리팀 경력직,대한민국,,"우대 - 투자자산운용사, CFA, FRM 등 금융 자격증 소지자 우대 - IT 활용능력 우수자(VBA, 
Python 등) 4. 제출서류 - 입사지원서 및 자기소개서 각 1부(첨부: 당사 지정양식) 5. 전형방법 - 서류전..."
https://kr.indeed.com/viewjob?jk=735e4c90be83e703,마케팅 데이터분석가,서울,,"CRM 마케팅의 최적 의사결정 지원 자격 요건 SQL, R 혹은 
Python 을 활용한 플랫폼 데이터 분석 경험 Tableau, Redash를... 통계적 지식을 가지신 분 R, 
Python 등을 활용한 데이터 분석 경험이..."
https://kr.indeed.com/viewjob?jk=8e427bfa23c2365d,Machine Learning Engineer (LINE AI Services Lab),대한민국,,"있으신 분 Hadoop MR, Hive, Spark 등 대용량 처리 프레임워크 개발/사용 경험이 있으신 분 
Python, Scala, SQL 등의 프로그래밍 언어를 사용할 수 있으신 분 해외 출장 및 근무에 결격 사유 없으신..."
https://kr.indeed.com/viewjob?jk=c71c1fa9e0d43937,악성코드 및 엔드포인트 위협 대응 보안 엔지니어 모집,성남 판교역,,"발견하고 개선하고자 하는 능동적인 성격 우대사항 API 활용 SOAR 구성 node.js 프레임워크 경험자 
Python/Linux shell script 중급 이상 가능자 필독사항 ※ 카카오 테크 직군의 경우, 개발..."
https://kr.indeed.com/viewjob?jk=6aebabcddef7f514,Field Application Engineer,경기도 용인,,"troubleshooting. Preferably to have coding capability (Matlab, 
Python...etc... data analysis, visualization, and algorithm..."
https://kr.indeed.com/viewjob?jk=593250f65ae024f4,"드론솔루션 - 아두이노 등 임베디드SW, 드론HW, 드론쇼핑몰",성남 분당구,"연봉 25,000,000원 - 30,000,000원","학력사항: 학력무관직무기술: 드론솔루션, 아두이노 등 임베디드SW, 
Python, 택배드론, 국방드론 무기체계, 드론HW제작, 원격수질측정드론, 화재... 통신·모바일·게임>응용프로그래머>
Python|인터넷·IT·통신·모바일·게임..."
https://kr.indeed.com/viewjob?jk=e72d21cb674081a8,Python 웹개발자,서울 중구,,"지원자격 경력 경력 (5년이상) 학력 학력무관 성별 무관 기타 담당업무 
Python 웹개발자 채용 커리어 양식 지원 상세모집요강 접수기간/방법 시작... 직종) 웹프로그래머웹프로그래머, 
Python 응용프로그래머전산전공 HTML..."
https://kr.indeed.com/viewjob?jk=c5a2d1029018e4ba,Expat: Experimental Physicist Tuning an Monitoring,경기도 화성,,"Experience in using office programs and Unix (Linux) 
Python and Jira experience is preferred. Deliberate and organized work..."
https://kr.indeed.com/viewjob?jk=8eca56448e2574c8,TA,성남 분당구,,"작성 능력 우대사항 - 업무 관련 해외 영문 기술 문서를 볼 수 있는 정도의 독해능력 - 테크니컬 아티스트 역할로 개발 경험 - 스크립트 능력 (maxscript/
python) - 다양한 플랫폼 / 장르 개발 경험"
https://kr.indeed.com/viewjob?jk=76ef0d2df960b0f6,"Student Training in Engineering Program, 2021, People with D...",서울,,"Science or a related field. Programming experience in Java, 
Python, C... C++. Available... 12 week internship from..."
https://kr.indeed.com/viewjob?jk=25725b3c0e607311,Junior Quant Trader,서울,,"background is a plus Programming capability is mandatory (i.e.
Python) Understanding of machine learning algorithm is a plus..."
https://kr.indeed.com/viewjob?jk=864be0963e8989bd,"소프트웨어, Python 경력 정규직",서울 강남구,,"자유롭게 연락을 주시면 더 자세한 정보를 드리도록 하겠습니다. Job description은 인터넷·IT·통신·모바일·게임>소프트웨어·하드웨어>소프트웨어|인터넷·IT·통신·모바일·게임>빅데이터·AI(인공지능)>
Python"
https://kr.indeed.com/viewjob?jk=01bd5372e531d949,"Sales - Sales Operations Specialist, Seoul, Korea",서울,,"software, including... limited to Excel, PPT, Word, SQL, 
Python, Tableau, etc. Demonstrated ability to define, refine..."
https://kr.indeed.com/viewjob?jk=016bb0f03337381c,서비스플랫폼 개발 경력사원,서울특별시,,"혹은 유사 전공 학사 이상 어학: 영어 문서작성 가능 / 기본적 영어 의사소통 필요 업무경험 - JAVA, 
Python 등 서버 플랫폼 개발 언어 및 관련 프레임워크 활용 개발 경험 3년 이상 - MVC 프레임웍 기반의 웹..."
https://kr.indeed.com/viewjob?jk=a7610221d5e3609f,[신규프로젝트] 차세대 콘솔 TA 모집,성남 판교역,,"Shader 제작 Skill - 프로젝트 개발 전반에 걸친 성능 분석(Profiling)Skill - 
Python등 개발언어 활용 능력 제출서류 포트폴리오 (필수) 전형단계 서류전형 1차 면접 NCTEST 2차 면접 처우협의..."
https://kr.indeed.com/viewjob?jk=918468d6e12a17e8,네트워크 엔지니어링,성남 판교역,,"관리 도구 개발/운영 - 관련학과 졸업 후, 경력 3년 이상 - 리눅스 환경 개발 경력 2년 이상 - 
Python, Django, Javascript 관련 개발 경험 - CCNA 또는 JNCIA 이상의 자격증 보유..."
https://kr.indeed.com/viewjob?jk=f6880357422fc8ad,Graduate Energy Storage Engineer,대한민국,,"Homer Grid, DigSilent PowerFactory, PSS®E, MATLAB/Simulink, 
Python. Self-motivated with an aspiration to develop a successful..."
https://kr.indeed.com/viewjob?jk=bfa15ae6228f1449,AI/DX 대기업계열사,서울특별시,,"12년 이상 보유자 우대) - 오픈소스 기반 머신러닝/딥러닝 기술 개발 경험자 - 프로그래밍 스킬 보유자(
python, java, C/C++, tensorflow, pytorch) - 데이터/언어/영상 관련 분야 전공자와 석..."
https://kr.indeed.com/viewjob?jk=76bf34f9b70fd157,DevOps - CI/CD,서울,,"TeamCity, etc.) * Experience with Shell scripting, and 
Python *Preferences* * Understanding of build system and (unit..."
https://kr.indeed.com/viewjob?jk=2631e81f78ea7b6b,Security 개발 경력사원,서울특별시,,"Java, C, or C++ - Experience with scripting languages... 
Python, Perl, or Bash - Clear verbal and written communication..."
https://kr.indeed.com/viewjob?jk=d4c94aa1d7e84908,금융 데이터 분석 및 모델 개발,대한민국,,"지원 가능) 우대사항 ㆍ통계 분석 알고리즘 이해 및 활용 능력 보유 ㆍ데이터분석/모델링을 위한 언어(R/
Python 등) 활용 경험 ㆍ금융관련 자걱증 소지자(CFA, FRM, 투자자산운용사 등) ㆍIT 관련 자격증 소지자..."
https://kr.indeed.com/viewjob?jk=c25feb431668b850,Teaching Faculty,서울•원격 근무,"시급 50,000원 - 120,000원","following courses... 2021-2022 academic year: Computer Science (
Python, Javascript, C/C++, etc. ) Mathematics (Algebra..."
https://kr.indeed.com/viewjob?jk=25bb61733d3e363d,Embedded Software Engineer - Connected,경기도 성남,,"skills with C, C++ and other script languages (i.e. 
python etc..) Strong knowledge... IOT devices communication protocols..."
https://kr.indeed.com/viewjob?jk=e3677156508f8557,[대형증권사] 파생퀀트,서울 강남구,,"통신·모바일·게임>웹프로그래머>JAVA|인터넷·IT·통신·모바일·게임>웹프로그래머>프론트엔드|인터넷·IT·통신·모바일·게임>웹프로그래머>
Python|인터넷·IT·통신·모바일·게임>웹프로그래머>HTML·DHTML·mHTML"
https://kr.indeed.com/viewjob?jk=ccd4f5407a32ba6a,Data Scientist,서울,,"analysis a plus, Programming... scripting exp.: eg. 
Python, C#, VBA, Java, Perl, etc. Experience in applied analytics..."
https://kr.indeed.com/viewjob?jk=6afaaaedd684f701,Software Engineers (AvionX),서울,,"more than 1+ software languages (e.g. C, C++, C#, Java, 
Python, Java script, model based engineering and so on) Proper..."
https://kr.indeed.com/viewjob?jk=9ab2041ab3380a21,카카오톡 안티어뷰징을 위한 데이터/백엔드 엔지니어 및 머신러닝 전문가 모집,성남 판교역,,"Engineer, Data Scientist 해당 분야에서 활용되는 언어 및 도구를 능숙하게 다룰 수 있는 분(
Python, Scala, PyMC, PySpark, Tensorflow 등) 우대 사항 컨테이너 환경에서의..."
https://kr.indeed.com/viewjob?jk=e39d9b70428b4ba4,[Manta] Growth Marketing Manager,서울 강남구,,"Understanding of a data-oriented programming language (e.g. SQL, 
Python, R, etc... definite plus... must. * Adept..."
https://kr.indeed.com/viewjob?jk=d69b5a1e60c65ce6,데이터 마케팅 경력사원,서울 영등포구,,"능력 보유자 (SQL, R, 
Python, Scalar, Hadoop 등... 운영 경험자 - CRM 캠페인 기획/운영 경험자 - SQL, R, 
Python 등 통계 패키지 활용 자격증 보유자 모집기한: ~ 본 포지션 채용 시점..."
https://kr.indeed.com/viewjob?jk=e2f9799770e14024,에프앤가이드 - 각 부문 (전문연구요원 포함),대한민국,,"이공계열 석사학위 이상 취득(예정)자 - 우대사항 : ㆍ SQL, 
python, R 개발경험 소유자 디지털금융팀 - 담당업무 : ㆍ마이데이터 및... 문을 이해/구현 가능한 분 ㆍ 
Python 등의 언어를 이용한 서비스 개발..."
https://kr.indeed.com/viewjob?jk=35f0a25dee5f3312,딥러닝 알고리즘 및 응용 Engineer,성남 분당구,"연봉 40,000,000원 - 100,000,000원","모바일·게임>빅데이터·AI(인공지능)>인공지능(AI)|인터넷·IT·통신·모바일·게임>빅데이터·AI(인공지능)>
Python|인터넷·IT·통신·모바일·게임>빅데이터·AI(인공지능)>머신러닝|인터넷·IT·통신·모바일·게임>빅데이터..."
https://kr.indeed.com/viewjob?jk=34d364ae9f7e751b,(클라우드비즈니스) 프라이빗 클라우드 개발 담당자 영입,성남 삼평동,,"않고 주도적 업무 수행을 좋아하시는 분 - Software 개발 관련 업무 경력 3년 이상(Java, 
Python, Go, Ruby 등) - 다음 내용 중에 한가지라도 해당 되시는 분 . 웹 서비스 UI 디자인 경력 3..."
https://kr.indeed.com/viewjob?jk=23123663f1b4172f,급구/사물인터넷(IoT)개발자 - 신입 가능,경기도 파주,,"통신·모바일·게임>시스템프로그래머>임베디드(Embedded)|인터넷·IT·통신·모바일·게임>응용프로그래머>
Python|인터넷·IT·통신·모바일·게임>응용프로그래머>JAVA|인터넷·IT·통신·모바일·게임>응용프로그래머>자바스크..."
https://kr.indeed.com/viewjob?jk=fc037709d0770796,System SW 엔지니어,성남 분당구,"연봉 40,000,000원 - 100,000,000원","사항: 대학교(4년)졸업 이상 [기본 요구능력] - ASM/C/C++/
Python 언어 코딩 기술 - 운영체제 SW 설계 및 구현 - 알고리즘/네트워... 게임>빅데이터·AI(인공지능)>
Python|인터넷·IT·통신·모바일·게임..."
https://kr.indeed.com/viewjob?jk=4cd34228af5013fd,DGIST 2019년 제1차 계약직원 공개채용 공고,대구 현풍면,,"우수자(SPSS, R 등 통계패키지) 외국어(영어) 구사 능력 우수자 Programming(MATLAB, 
Python, C/C++ 등) 가능자 · 근무기간 : 2019.3.11.~2020.3.10. ※ 단, 재계약 평가에..."
https://kr.indeed.com/viewjob?jk=d0ca27a97ddf91f9,엔미디어플랫폼 데이터베이스 관리자 (DBA) 인재 안내,성남 분당구,,"운영 가능한 분 - DB관련 자격증 보유한 분 - 운영 자동화 스크립트(PowerShell, Shell, 
Python) 작성 가능한 분 - MongoDB, Redis에 관심 있으신 분 기타사항 - 서류 접수 이후 4주 이내로..."
https://kr.indeed.com/viewjob?jk=63bd0323ac917d78,[아이콘트롤스] 2020년 경력 직원 (기술연구소) 연구개발부문,성남 분당구,,"자격요건>(필수)- 데이터 엔지니어 경력 3년 이상- 프로그램 개발(
Python, Java) 능력 보유- 대용량 데이 인터넷·IT·통신·모바일·게임... 통신·모바일·게임>웹프로그래머>
Python|인터넷·IT·통신·모바일·게임..."
https://kr.indeed.com/viewjob?jk=9adbc290202846e1,[아이브릭스] 기업부설연구소 전문연구요원,성남 분당구,,"모바일·게임>응용프로그래머>JAVA|인터넷·IT·통신·모바일·게임>응용프로그래머>자바스크립트|인터넷·IT·통신·모바일·게임>빅데이터·AI(인공지능)>머신러닝|인터넷·IT·통신·모바일·게임>빅데이터·AI(인공지능)>
Python"
https://kr.indeed.com/viewjob?jk=41ccdb656d6dc64c,"[마케팅코리아]웹개발자 php,python,mysql 등 경력자 - 마케팅코리아",부산 해운대구,,"모집직종 웹 개발자(웹 엔지니어·웹 프로그래머) 관련직종 - 직무내용 1. 웹 개발기획 2. 웹 개발 및 유지보수 접수마감일 채용시까지 고용형태 기간의 정함이 없는 근로계약 장애인 채용인원 1명 임금조건 연봉 40,000..."
https://kr.indeed.com/viewjob?jk=3f1913d8d9f83427,Sr. Supply Chain Management(Inventory Planning Control),서울,,"세스/시스템 개선 리드 자격 요건: 물류/SCM, 엔지니어링 분야 학사 이상 데이터 분석역량(SQL, 
Python, R 등) 5년 이상 SCM/물류 관련 분야 경력 프로세스 개선/생산성 개선관련 프로젝트 리드경험 및 개선..."
https://kr.indeed.com/viewjob?jk=3913c6a1379716ab,버즈앤비(주) 소프트웨어 엔지니어,성남 분당구,,"로그래머>백엔드|인터넷·IT·통신·모바일·게임>웹프로그래머>프론트엔드|인터넷·IT·통신·모바일·게임>웹프로그래머>
Python|인터넷·IT·통신·모바일·게임>웹프로그래머>ASP.NET|인터넷·IT·통신·모바일·게임>웹프로그래머..."
https://kr.indeed.com/viewjob?jk=cb29579c3753c9b0,[주식회사 브레인벤쳐스]데이터 셋 구축 인력 정규/인턴직,성남 시흥동,,"모집직종 데이터 전문가 관련직종 - 직무내용 데이터 셋 구축 인력 모집 [Cpp / 
Python] 웹 개발[JAVA / PHP] 인력 모집 [문화콘텐츠>문화콘텐츠제작>스마트문화앱콘텐츠제작] 스마트문화앱 개발환경 구축 개발..."
https://kr.indeed.com/viewjob?jk=e933c1bb85e54e26,Field AI Engineer,서울,,"hardware acceleration technologies Experience with 
Python and C++... depth knowledge of computer architectures, high..."
https://kr.indeed.com/viewjob?jk=bea73bee1733cfda,"[전문연구요원/알고리즘] 컴퓨터비전, 머신러닝/딥러닝, SLAM",성남 분당구,,"통신·모바일·게임>응용프로그래머>인공지능(AI)|인터넷·IT·통신·모바일·게임>응용프로그래머>머신러닝(ML)|인터넷·IT·통신·모바일·게임>응용프로그래머>C·C++|인터넷·IT·통신·모바일·게임>응용프로그래머>
Python"
https://kr.indeed.com/viewjob?jk=79304a56b5a6379b,Business Analyst,대한민국,,"engineering related research. • Broad working knowledge of 
Python, Excel (inc. automation skills), Relational DBs, SQL..."
https://kr.indeed.com/viewjob?jk=20abdd225641e77a,"Software QA Infotainment Test Engineer, Bundang, Gyeonggi, K...",경기도 성남,,"one or more scripting languages... Perl, Ruby, 
Python, or Bash Passionate about troubleshooting failures to determine..."
https://kr.indeed.com/viewjob?jk=2224a97a6cc5c40b,KAIST IT융합연구소 위촉연구원 모집 공고,대전 유성구,,"세대 무선전력전송 기술 개발 데이터 , AI, SW - 백엔드 서버 시스템 또는 임베디드 펌웨어 개발 - C, 
python, Java, 등을 활용한 프로그램 개발 - 연구기획 및 SW 개발 수행 데이터 , 시뮬레이션 , SW..."
https://kr.indeed.com/viewjob?jk=4cad28e2fb28fa09,"[영상보안장비대기업] 카메라 SoC 설계, 검증 부문",성남 분당구,,"IP 경험- Verilog/VHDL RTL 설계, System-Verilog 및 UVM 설계- C/C++, 
Python 가능, Timing report 인터넷·IT·통신·모바일·게임>소프트웨어·하드웨어>하드웨어"
https://kr.indeed.com/viewjob?jk=e99d30a8f6947b41,모니터링 솔루션 개발자 모집,성남 판교역,,"개발/운영 2년 이상 서버 개발자 Java/Spring 기반 웹 서비스 개발 경력 2년 이상 서버 개발자 
Python 기반 백엔드 시스템 또는 라이브러리 개발 프로젝트 실무 3년 이상 서버 개발자 ✔︎ 우대조건 다양한..."
https://kr.indeed.com/viewjob?jk=1530f9619218829a,[신규 프로젝트] 기술 R&D 엔진 프로그래머 모집,성남 판교역,,"조건 C++ 코딩 능력 우대사항 게임 제작 관련 툴 개발 경험 상용 엔진 사용 경험 게임 UI 개발 경험 
Python 코딩 경험 제출서류 포트폴리오(선택사항) 전형단계 서류전형 1차 면접 NCTEST 2차 면접 처우협의 입사..."
https://kr.indeed.com/viewjob?jk=3d4fe04d0d70305e,Expat: Experimental Physicist / Engineer for Electron Optics...,경기도 화성,,"Experience in using office programs and Unix (Linux) 
Python and Jira experience is preferred. Deliberate and organized work..."
https://kr.indeed.com/viewjob?jk=1bf2e07c2ff41ac0,기계 학습 전문가 모집,성남 판교역,,"기간 : 2년 ~ 10년 필수조건 - 딥러닝 또는 강화학습 관련 전문 지식 및 R&D 경험 필수 - R&D에 
python을 능숙하게 활용 할 수 있어야 하며, pytorch, tensorflow 등 딥러닝 라이브러리를 업무에..."
https://kr.indeed.com/viewjob?jk=56add096e14a7879,AI 연구 및 개발 직군 모집,서울 구로구,,"위한 엔지니어링 - 서비스 개발을 위한 클라우드/ Rest-API / 웹서비스 구축 등 자격요건 - 
Python에 능숙하고 C/C++ , C#등 언어에 대한 활용능력 - 딥러닝 프레임워크 사용 가능 (Pytorch 혹은..."
https://kr.indeed.com/viewjob?jk=0848c82a5ebb191b,"Engr, Apps Dev 3",경기도 화성,,"working effectively with different cultures. Matlab/
Python experience is a plus. We offer a competitive, family friendly..."
https://kr.indeed.com/viewjob?jk=dc74730c92ce5050,Data Scientist,서울 영등포구,,"기반 예측, 모델링 프로젝트 경험자 데이터 분석/모델링을 위한 언어 및 프레임워크 사용에 익숙하신 분 (
Python, R, SQL, Pandas, TensorFlow, Pytorch, Spark 등) 회사 내부 구성원들과..."
https://kr.indeed.com/viewjob?jk=d77b796e982a74ad,로봇사업담당 Slam 경력직,서울 강서구,,"관련 학과 석사 이상 - Linux 기반 C, C++ service application 개발 역량 - 
Python 프로그래밍 역량 - Robot SLAM 개발 경험 보유 2. 직급 및 경력 기간 : 선임~책임급 (총 경력..."
https://kr.indeed.com/viewjob?jk=c18db5d32e7ca8da,Support Engineer,서울,,"Understanding of any or multiple development languages like 
Python, C#, JavaScript, R • Good Knowledge of .Net Framework..."
https://kr.indeed.com/viewjob?jk=d13fce11058e6cf1,보안 모니터링 시스템 개발 및 운영 담당자 모집,성남 판교역,,"이터 분석을 위한 SIEM/ETL 플랫폼 개발/운영 지원자격 기본사항 경력 3년 이상 Java, 
Python 등의 언어로 개발 가능자 기본적인 웹 개발 및 Back-End 개발 가능자 DBMS 혹은 빅데이터(NoSQL..."
https://kr.indeed.com/viewjob?jk=efd29db729470399,글로벌주식운용팀 경력사원 안내 (~9/5),대한민국,,"량분석(Quantitative Analysis)을 통한 개별주식 운용 전략 개발 및 운용 경력(필수) - 
Python, VBA 등의 프로그래밍 언어를 통한 개발 능력 및 MS SQL 등의 데이터베이스 연계 프로그래밍 경력자..."
https://kr.indeed.com/viewjob?jk=115c46e0d1df11d8,[개발자] 모비데이즈 프론트엔드 개발자 경력직 채용,서울특별시,,"험이 있으신 분 -활용 가능한 서버사이드 언어가 1개 이상 있는 분(Ruby, Java, Node.js, 
Python 등) -웹/모바일 광고 업계의 유사 업종 근무 경력 보유자 -플랫폼 또는 B2B 서비스 개발 프로젝트 참여..."
https://kr.indeed.com/viewjob?jk=d32b9a5a69437d02,야구 데이터 Specialist 모집,성남 판교역,,"통계적 분석을 통한 문제해결능력을 가진 분 * 통계적 분석을 위한 언어에 대한 높은 활용도(R 또는 
Python선호) * 2021 KBO 경기 일정에 맞춰 근무가 가능한 분 * 원활한 커뮤니케이션 능력 우대사항 * 트래킹..."
https://kr.indeed.com/viewjob?jk=f6fd63cfa837b324,DBA 모집,성남 판교역,,"에 대한 이해 - Script(
python, bash, powershell... MONGODB , CASSANDRA 대규모 서비스 운영 경험 - 
Python 스크립트로 데이터베이스 프로젝트 개발 경험 제출서류 필수 제출서류 없음..."
https://kr.indeed.com/viewjob?jk=752a4b5d63eac97c,Back-end Engineer (Python),서울 강남구,,"찾아요 5년 이상의 웹/앱 서비스의 백엔드 시스템 개발 경험이 있으시거나 이에 준한 역량을 갖추신 분 
Python(Django, Flask) 개발 경험이 있으신 분 AWS 환경에서의 개발이 익숙하신 분 git 기반 코드..."
https://kr.indeed.com/viewjob?jk=e91b5984e7f5d3fd,"데이터베이스개발자, 웹개발 신입/경력 정규직",서울 영등포구,"연봉 36,000,000원 - 60,000,000원","개발자 ㆍCss/html 등 웹디자인 관련 유경험자 ㆍ자바스크립트, 
Python, C++, 닷넷 등 ㆍNode, Selenium, electron... 관련 유경험자ㆍ자바스크립트, 
Python, C++, 닷넷 등 ㆍNode..."
https://kr.indeed.com/viewjob?jk=98c605d0b31463d3,소프트웨어 엔지니어 경력직 - (주)노바,용인 기흥구,,"직무내용] C, C++, C#, 
Python , 임베이드 활용한 회로설계 및 제어 프로그램 (자율주행 및 AI) [근무시간 및 형태] 주 5일 근무 (오전) 9시 00분~(오후) 6시 00분 주소정근로시간 : 40시간 [급여..."
https://kr.indeed.com/viewjob?jk=031eec3794f09645,데이터 서비스/플랫폼 개발,성남 판교역,,"데이터 수집, 처리 및 지표 분석 경험 - 데이터 기반의 문제해결 역량 및 논리적 사고 - Java, 
Python, Scala 중 최소 1가지 언어를 이용한 데이터 분석 및 소프트웨어 개발 역량 - 통계분석, ML/AI..."
https://kr.indeed.com/viewjob?jk=a2b38b230474e622,카카오 전사 QA 모집,성남 판교역,,"협업도구 (JIRA, Github 등)에 대한 경험이 있으신 분 테스트자동화 설계경험자 혹은 스크립트 언어(
python, java, javascript 등) 가능자 긍정적인 마인드와 유연한 커뮤니케이션 능력 보유 능동적이고..."
https://kr.indeed.com/viewjob?jk=ee5b560fa4de465d,[펜타시큐리티] 보안S/W 개발자 (웹/인증/DB/신기술),서울 영등포구,,"인터넷·IT·통신·모바일·게임>웹프로그래머>JAVA|인터넷·IT·통신·모바일·게임>웹프로그래머>
Python|인터넷·IT·통신·모바일·게임>응용프로그래머>C·C++|인터넷·IT·통신·모바일·게임>응용프로그래머>JAVA|인터넷..."
https://kr.indeed.com/viewjob?jk=0c32e6464cad3b0a,[카카오 클라우드]DBaaS(DataBase As A Service) 개발자 모집,성남 판교역,,"및 유지 보수 지원자격 필수 자격 협업을 우선 가치로 유연한 커뮤니케이션이 가능하신 분 golang, 
python 등으로 API 기반 서비스를 구현해본 경험이 있으신 분 서비스 요구 사항을 기능으로 구현할 수 있는 분..."
https://kr.indeed.com/viewjob?jk=e8a4630bec0783e8,2021 Market Data Analyst - Seoul,서울,,"work experience using one more programming language... 
Python, SQL and R Fluency in Korean and English (both spoken..."
https://kr.indeed.com/viewjob?jk=aac8e9355cb855ac,[인재풀] 아티스트,서울,,"Maya or 3D Max등의 아트웍 툴 사용 경험 Max script 또는 Mel Script의 사용 경험 C# 또는 
Python 언어에 대한 이해 및 활용 능력 아트웍 관련 툴 제작 또는 플러그인 제작 경험"
https://kr.indeed.com/viewjob?jk=759d099d53a82a29,2022 Market Data Analyst (Korean Speaker) - Seoul,서울,,"finance Proficiency in one or more technical tools... 
Python, SQL and R, demonstrated through projects or work..."
https://kr.indeed.com/viewjob?jk=c25feb431668b850,Teaching Faculty,서울•원격 근무,"시급 50,000원 - 120,000원","following courses... 2021-2022 academic year: Computer Science (
Python, Javascript, C/C++, etc. ) Mathematics (Algebra..."
https://kr.indeed.com/viewjob?jk=2759333e32d8f5e4,"웹개발자 php,jsp,java,python,mysql 등 경력자 - 마케팅코리아",부산 해운대구,,직무내용] 1. 웹 개발기획2. 웹 개발 및 유지보수 [근무시간 및 형태] 주 5일 근무 (오전) 9시 00분~(오후) 6시 00분 주소정근로시간 : 40시간 [급여조건] - 연봉 40000000원 이상 - 상여금 : 100...
https://kr.indeed.com/viewjob?jk=5fc53d8ce25c05f7,IT 개발 총 책임자,서울 성동구,"연봉 90,000,000원 - 100,000,000원","스템접수양식: 인크루트 이력서 기타 유의사항 입사지원서 및 제출서류에 허위사실이 있을 경우 채용이 취소될 수 있습니다. 인터넷·IT·통신·모바일·게임>웹프로그래머>웹개발|인터넷·IT·통신·모바일·게임>웹프로그래머>
Python"
https://kr.indeed.com/viewjob?jk=aa13332a8009c705,Application Engineer Korea,경기도 화성,,"You are committing to support the team in challenging situations. 
Python, Office solutions and Linux experience is beneficial..."
https://kr.indeed.com/viewjob?jk=e91b5984e7f5d3fd,"데이터베이스개발자, 웹개발 신입/경력 정규직",서울 영등포구,"연봉 36,000,000원 - 60,000,000원","개발자 ㆍCss/html 등 웹디자인 관련 유경험자 ㆍ자바스크립트, 
Python, C++, 닷넷 등 ㆍNode, Selenium, electron... 관련 유경험자ㆍ자바스크립트, 
Python, C++, 닷넷 등 ㆍNode..."
https://kr.indeed.com/viewjob?jk=d13fce11058e6cf1,보안 모니터링 시스템 개발 및 운영 담당자 모집,성남 판교역,,"이터 분석을 위한 SIEM/ETL 플랫폼 개발/운영 지원자격 기본사항 경력 3년 이상 Java, 
Python 등의 언어로 개발 가능자 기본적인 웹 개발 및 Back-End 개발 가능자 DBMS 혹은 빅데이터(NoSQL..."
https://kr.indeed.com/viewjob?jk=e8a4630bec0783e8,2021 Market Data Analyst - Seoul,서울,,"work experience using one more programming language... 
Python, SQL and R Fluency in Korean and English (both spoken..."
https://kr.indeed.com/viewjob?jk=031eec3794f09645,데이터 서비스/플랫폼 개발,성남 판교역,,"데이터 수집, 처리 및 지표 분석 경험 - 데이터 기반의 문제해결 역량 및 논리적 사고 - Java, 
Python, Scala 중 최소 1가지 언어를 이용한 데이터 분석 및 소프트웨어 개발 역량 - 통계분석, ML/AI..."
https://kr.indeed.com/viewjob?jk=16857d4a490684ef,9월 Clean 경력사원 채용 [기구설계],천안 직산읍,,"및 관련 Framework (Tensorflow / Pytorch) 개발 경력 - C#, Java, 
Python, R 등 활용한 데이터 분석용 Application SW 개발 경력 - 반도체 생산 분야 데이터 분석 경험 및..."
https://kr.indeed.com/viewjob?jk=80655cd63e002033,램플레이스 온오프라인 코딩 강사 채용,대전 서구,,"학력 : 제한없음 - 경력 : 신입/경력 - 나이 : 제한 없음 - 정보처리기사 취득자 - C언어, 
python 가능자 - 아두이노 로봇 강의 가능자 - 자격증반/대회반 교육 경력자 - 관련 전공자 우대 (컴퓨터공학..."
https://kr.indeed.com/viewjob?jk=d986fe30e349e11b,Devops 개발자,용인 수지구,,"우대사항... C / C++ **중급이상... 스크립트 언어 사용 가능자 (ex : 
python... Jenkins / SW **구성관리 경험 (ex : SVN, Git... 전형절차..."
https://kr.indeed.com/viewjob?jk=d32b9a5a69437d02,야구 데이터 Specialist 모집,성남 판교역,,"통계적 분석을 통한 문제해결능력을 가진 분 * 통계적 분석을 위한 언어에 대한 높은 활용도(R 또는 
Python선호) * 2021 KBO 경기 일정에 맞춰 근무가 가능한 분 * 원활한 커뮤니케이션 능력 우대사항 * 트래킹..."
https://kr.indeed.com/viewjob?jk=b29e420495012c02,[Clova] Data AI 체험형 인턴,서울,,"있는 분 프로젝트(개인/인턴 등) 완성 경험 을 보유하고 있는 분 
Python 활용 능력 을 보유하고 있는 분 Django를 사용한 웹개발 경험을... Knowledge graph , 
python , linux 등 숙련된 개발..."
https://kr.indeed.com/viewjob?jk=1f99538f7260c29d,Marketing Data Warehouse engineer (경력),대한민국,,"나은 솔루션이 있는 경우, 공감할 수 있도록 이해시키고 적합한 방향으로 이끌 수 있는 분 우대사항 - 
Python 혹은 Bash script로 배치 스크립트 작성이 가능한 분 (+a 배치에 대한 잠재적 오류사항을 효과적으..."
https://kr.indeed.com/viewjob?jk=27055e84f80bafd2,AI개발자,서울 강남구,"연봉 35,000,000원 - 40,000,000원","인터넷·IT·통신·모바일·게임>응용프로그래머>머신러닝(ML)|인터넷·IT·통신·모바일·게임>응용프로그래머>
Python|인터넷·IT·통신·모바일·게임>ERP·시스템분석·설계>인공지능(AI)서비스기획|인터넷·IT·통신·모바일..."
https://kr.indeed.com/viewjob?jk=975ca87ef4a8a7e7,회로설계 인턴 개발자,광주 북구,"연봉 24,000,000원 - 35,000,000원","직무내용] 부품검색(크롤링) , Spice를 이용한 회로 검증 
Python 프로그램을 이용한 automation전자공학 관련 학과 졸업자 우대기본연봉 2400만원프로젝트 성취에 따른 1000만원 내 상여금 협의 지급 [근무시..."
https://kr.indeed.com/viewjob?jk=f6fd63cfa837b324,DBA 모집,성남 판교역,,"에 대한 이해 - Script(
python, bash, powershell... MONGODB , CASSANDRA 대규모 서비스 운영 경험 - 
Python 스크립트로 데이터베이스 프로젝트 개발 경험 제출서류 필수 제출서류 없음..."
https://kr.indeed.com/viewjob?jk=85eef93b8132ae60,Sales Finance Analyst,서울,,"like SQL databases, 
Python, etc. Required... Anaplan Technical skills in SQL, R, or 
Python About Red Hat: Red Hat... world..."
https://kr.indeed.com/viewjob?jk=28b343c3943a7dca,"웹개발, 백엔드 외 경력 정규직",서울 성동구,"연봉 35,000,000원 - 40,000,000원","요건]경력사항: 경력(1년 이상 3년 이하)학력사항: 학력무관직무기술: 
Python, django 1 명 근무조건 고용형태: 정규직근무부서: 개발팀급... 로그래머>프론트엔드|인터넷·IT·통신·모바일·게임>웹프로그래머>
Python"
https://kr.indeed.com/viewjob?jk=db62f331e301ca84,백엔드/풀스택/서버 개발자 신입/경력직,성남 수정구,,"력사항: 학력무관풀스택 개발자 / 1명 / 언어: Java / C# / 
Python서버 개발자 / 1명 / 언어: Java / PHP 0 명 근무조건... 용프로그래머>C#|인터넷·IT·통신·모바일·게임>응용프로그래머>
Python"
https://kr.indeed.com/viewjob?jk=60897e7668c2f24c,LINE Desktop Client 개발,대한민국,,"발부터 배포까지 다양한 경험을 쌓으신 분 FFmpeg 소스 구조를 이해하고 능숙하게 이용할 줄 아시는 분 
Python 스크립트를 능숙하게 다룰 줄 아시는 분 근무지 서현역 분당스퀘어 (※ 본 포지션은 협의에 따라 Remote..."
https://kr.indeed.com/viewjob?jk=ce7849f8b35e1c3e,Technical Enablement Manager,서울,,"Kubernetes or Rancher etc.. Scripting languages like 
Python, Javascript, Ruby, Perl, Go, PHP, or Chef/Puppet etc.. Why You..."
https://kr.indeed.com/viewjob?jk=fc8464388437f316,DevOps - Data Engineering,서울,,"computer, or operations field * Experience with 
Python scripting with 2D/3D vision data processing and visualization..."
https://kr.indeed.com/viewjob?jk=39e827a8a7606cc6,Analog Verification Engineer,대한민국,,"design tool set. Programming / scripting know-how, e.g., 
Python, skill, makefile or other programming script Why Join Us..."
https://kr.indeed.com/viewjob?jk=c773cc85fb50a7e6,디지털신사업본부 경력직(Back-end Engineer),서울 여의도,,"자격요건 및 우대사항 - 5년 이상의 웹/앱 서비스 백엔드 시스템 개발 경험 또는 이에 준하는 경험자 - 
Python(Django, Flask) 개발 경험 - AWS 등 클라우드 환경 및 Git 기반 코드 저장소를 사용한..."
https://kr.indeed.com/viewjob?jk=32a0693ea98f8df9,[부산] NCS 취업교육 자바·모바일 실무개발자 훈련생,부산 부산진구,,"통신·모바일·게임>웹프로그래머>백엔드|인터넷·IT·통신·모바일·게임>응용프로그래머>Android|인터넷·IT·통신·모바일·게임>빅데이터·AI(인공지능)>
Python|인터넷·IT·통신·모바일·게임>빅데이터·AI(인공지능)>R"
https://kr.indeed.com/viewjob?jk=90e528fa8501ca9d,음성인식관련 개발 음성인식 엔진개발,서울,,"퓨터 공학 전공 또는 관련 분야의 실무 경험 - 최신 논문을 이해하고 개발 및 개선할 수 있는 능력 - 
Python, Java, C/C++ 등 프로그래밍 언어 사용 능력 - 4년제 학사 (전산 및 컴퓨터 공학 계열) - 경력..."
https://kr.indeed.com/viewjob?jk=ba3c57eb1681eb59,[웹젠] TA(Unreal Engine 4)(경력),성남 분당구,,"티스트를 위한 툴 제작 및 각종 기술 문서 작성 (Blueprint, 
python, maxscript) - 아트 컨텐츠 관련 이슈 해결 및 기술 지원... 문서 작성 (Blueprint, 
python, maxscript) - 아트..."
https://kr.indeed.com/viewjob?jk=e0bea0fa75a73409,[쿠키런: 킹덤] Business Data Analyst (경력),서울 강남구,,"인터넷·IT·통신·모바일·게임>데이터베이스·DBA>SQL|인터넷·IT·통신·모바일·게임>웹프로그래머>
Python|인터넷·IT·통신·모바일·게임>응용프로그래머>
Python"
https://kr.indeed.com/viewjob?jk=6d0095647ec5d2a4,광고데이터플랫폼 개발자 모집,성남 판교역,,"무와 데이터 파이프라인 시스템 설계/구축/관리 업무를 수행하게 됩니다. 지원자격 개발 경력 3년 이상 
Python, Java, Kotlin, Scala 중 하나 이상의 언어에 능통 SQL 또는 HiveQL에 능통 대용량..."
https://kr.indeed.com/viewjob?jk=cb29579c3753c9b0,[주식회사 브레인벤쳐스]데이터 셋 구축 인력 정규/인턴직,성남 시흥동,,"모집직종 데이터 전문가 관련직종 - 직무내용 데이터 셋 구축 인력 모집 [Cpp / 
Python] 웹 개발[JAVA / PHP] 인력 모집 [문화콘텐츠>문화콘텐츠제작>스마트문화앱콘텐츠제작] 스마트문화앱 개발환경 구축 개발..."
https://kr.indeed.com/viewjob?jk=a2b38b230474e622,카카오 전사 QA 모집,성남 판교역,,"협업도구 (JIRA, Github 등)에 대한 경험이 있으신 분 테스트자동화 설계경험자 혹은 스크립트 언어(
python, java, javascript 등) 가능자 긍정적인 마인드와 유연한 커뮤니케이션 능력 보유 능동적이고..."
https://kr.indeed.com/viewjob?jk=98c605d0b31463d3,소프트웨어 엔지니어 경력직 - (주)노바,용인 기흥구,,"직무내용] C, C++, C#, 
Python , 임베이드 활용한 회로설계 및 제어 프로그램 (자율주행 및 AI) [근무시간 및 형태] 주 5일 근무 (오전) 9시 00분~(오후) 6시 00분 주소정근로시간 : 40시간 [급여..."
https://kr.indeed.com/viewjob?jk=6a68b4e0dc19995e,SoC ASIC 설계 엔지니어 (딥러닝 하드웨어 프로세서 개발),성남 분당구,"연봉 40,000,000원 - 100,000,000원","및 Synthesis) - Linux, shell, tcl, 
python, perl 사용 원활 - Clock domain Crossing에 대한 깊은... Linux, shell, tcl, 
python, perl 사용 원활..."
https://kr.indeed.com/viewjob?jk=acbfdde7a35b4b94,AI/Big Data (실장급) 국내 대기업,경기도,,"통계학 관련 분야 석사 이상 취득자 (박사 학위 우대) - 데이터 모델링 및 분석 역량 - 통계 지식(R,
Python,C#등 프로그램 활용 가능자 우대) - 알고리즘 설계 역량 - AI/Big Data 분야 컨설팅 역량..."
https://kr.indeed.com/viewjob?jk=d2475b9f00f58b97,[AI R&D] ML 엔지니어 모집,성남 판교역,,"pipeline 설계 및 구현 기술 연구 개발 지원자격 학력 : 학사 이상 경력기간 : 3년 ~ 필수조건 - 
Python 언어 및 SQL 쿼리 작업에 능숙하신 분 - ML 도구(scikit-learn/Spark MLlib..."
https://kr.indeed.com/viewjob?jk=ee5b560fa4de465d,[펜타시큐리티] 보안S/W 개발자 (웹/인증/DB/신기술),서울 영등포구,,"인터넷·IT·통신·모바일·게임>웹프로그래머>JAVA|인터넷·IT·통신·모바일·게임>웹프로그래머>
Python|인터넷·IT·통신·모바일·게임>응용프로그래머>C·C++|인터넷·IT·통신·모바일·게임>응용프로그래머>JAVA|인터넷..."
https://kr.indeed.com/viewjob?jk=d0ca27a97ddf91f9,엔미디어플랫폼 데이터베이스 관리자 (DBA) 인재 안내,성남 분당구,,"운영 가능한 분 - DB관련 자격증 보유한 분 - 운영 자동화 스크립트(PowerShell, Shell, 
Python) 작성 가능한 분 - MongoDB, Redis에 관심 있으신 분 기타사항 - 서류 접수 이후 4주 이내로..."
https://kr.indeed.com/viewjob?jk=b7d595373fccd7a8,HANA Development Support Quality Engineer,서울,,"database architecture and SQL Knowledge of LINUX Knowledge of 
Python/shell-Scripting, C/C++ Using C++-Debuggers (like GDB..."
https://kr.indeed.com/viewjob?jk=44237c545f8d4931,Knowledge AI Research 연구원 모집,성남 판교역,,"하는 능력 B. 기술 탐색 및 문제해결능력 C. 기반기술에 대한 개발 능력( R/
Python/Java ) 우대사항 1. 
Python 개발역량 보유 2. 다양한 DB로 부터의 데이터 핸들링 경험 3. AI기술 실제 서비스..."
https://kr.indeed.com/viewjob?jk=07ecb1952499e164,Security Engineer,서울,,"경험을 보유하신 클라우드 환경에서의 보안 모니터링 시스템 구축 경험을 보유하신 분 자동화 및 스크립트 (
Python, Shell, AWS Lambda) 개발 경험을 보유하신 분 [기술스택] IAM, Network ACL..."
https://kr.indeed.com/viewjob?jk=656c9fb97bde0ad9,대기업 딥러닝 기반 영상처리 개발자 (판교),서울,"연봉 60,000,000원 - 70,000,000원","Pytorch- 
Python, C/C++, Docker C/C++/C#... 머신러닝|인터넷·IT·통신·모바일·게임>빅데이터·AI(인공지능)>
Python|인터넷·IT·통신·모바일·게임>시스템프로그래머>임베디드(Embedded)"
https://kr.indeed.com/viewjob?jk=9c15d2c0cd7b70d8,프론트엔드개발 인공지능바이오제약코스닥기업,서울특별시,,"개선과 신규 서비스의 UI, 기능을 설계 및 개발 ※ 지원자격 - 
python 개발 경험(기본) - non-sql DB, sql DB 중 1개 이상... 사용 경험 - 풀스택 개발자 - 
python, C# 동시 사용 ※ 지원방..."
https://kr.indeed.com/viewjob?jk=dc74730c92ce5050,Data Scientist,서울 영등포구,,"기반 예측, 모델링 프로젝트 경험자 데이터 분석/모델링을 위한 언어 및 프레임워크 사용에 익숙하신 분 (
Python, R, SQL, Pandas, TensorFlow, Pytorch, Spark 등) 회사 내부 구성원들과..."
https://kr.indeed.com/viewjob?jk=e87d7c452e8a9023,"Academy Engineer, SEMI/ELEC",대한민국,,"least one programming language... C#, C++, 
python, LabVIEW, etc . Experience in some of common test engineering..."
https://kr.indeed.com/viewjob?jk=da13aa6836a4e7cb,Localization Engineer 모집,성남 판교역,,"경력기간 : 3년 ~ 필수조건 - 전문 소프트웨어 개발에 대한 지식 - 
Python, Perl, JavaScript 및 또는 Ruby on Rails... Fluency in 
Python, Perl, JavaScript..."
https://kr.indeed.com/viewjob?jk=add880a19f345249,"Customer Engineer, Machine Learning, Google Cloud Customers",서울,,"Caffe, as well as numerical programming frameworks... 
Python or MATLAB. Preferred qualifications: Master's degree..."
https://kr.indeed.com/viewjob?jk=759d099d53a82a29,2022 Market Data Analyst (Korean Speaker) - Seoul,서울,,"finance Proficiency in one or more technical tools... 
Python, SQL and R, demonstrated through projects or work..."
https://kr.indeed.com/viewjob?jk=70301d47ff5a1ae3,AI R&D 데이터플랫폼 엔지니어 모집,성남 판교역,,"3년 ~ 15년 필수조건 - Hadoop 기반 분산 데이터 처리 기술에 대한 경험 보유 - Java / 
Python 기반 개발 경험 보유 - Hive / Spark 기반 데이터 파이프라인 개발 및 workflow 자동화 개발..."
https://kr.indeed.com/viewjob?jk=97a2cf97ed2d2ed1,Sr. Applications Scientist,대한민국,,"language(MATLAB or 
Python, etc. ) · Good... software development experience using 
python and C# 2+ years demonstrated track..."
https://kr.indeed.com/viewjob?jk=7185bd9e76b868f6,"(Junior) Actuarial Consultant, FinMoRe, Life & Health",서울,,"data Competent knowledge in data-related software (Access, SAS, 
Python, etc.) Fluent spoken and written in Korean and English..."
